﻿Sequence,% inhibition,nm
GGGCTCTGGGCTCCTGAGCC,3,75
CCGAGCTGCTGCAGTGGGAG,42,75
GCAGGTCCCGCACAGCACGG,61,75
TGGCAGATGCCTTGTCGGCA,21,75
GAGCCGCTGGCAGATGCCTT,24,75
CTGAGCCGCTGGCAGATGCC,60,75
AGGAGATGGGTCCGCCCACC,44,75
CAGAGGAGATGGGTCCGCCC,38,75
GCCAGAGGAGATGGGTCCGC,54,75
GAGCCAGAGGAGATGGGTCC,43,75
TGGAGGCAGAAGAGCCAGAG,50,75
ACACTGGAGGCAGAAGAGCC,43,75
TGACACTGGAGGCAGAAGAG,44,75
CCGTGACACTGGAGGCAGAA,47,75
AGTGACCGTGACACTGGAGG,69,75
CTGCGAGTGACCGTGACACT,67,75
GGTAGCTGCGAGTGACCGTG,71,75
TCTGGGTTCGGGGGCTGGAG,54,75
GGCTCTGGGTTCGGGGGCTG,3,75
GGGCTCTGGGTTCGGGGGCT,13,75
TCTGGGGGCTCTGGGTTCGG,15,75
AGTTCTGGGGGCTCTGGGTT,0,75
CTGCAGTTCTGGGGGCTCTG,38,75
CCAGATTACATGATGCTGCA,75,75
TGGCAGGTCCCAGATTACAT,73,75
TTTCCTGGAAGCAGGGAAAA,41,75
CCCTCTTTGGTTTTAAGGCA,81,75
TCTAGAGGAAGCCCTCTTTG,45,75
TGGCTTCTAGAGGAAGCCCT,15,75
CTTGGCTTCTAGAGGAAGCC,10,75
CTATAAAAGCACCCCTTTCC,0,75
AGCTAGCCTCTATAAAAGCA,34,75
AAAAGCAGAAGCTAGCCTCT,67,75
AGGGCAGAAAAGCAGAAGCT,17,75
AGGCACCATGTCACAGGGTC,85,75
GCCTGCCTCTCAGGCACCAT,51,75
GGCTGGCGGAGAAGCCTCTA,49,75
TGAGCCTGCCGTCCAGAGGA,40,75
ATCACAGCAGGCCAAGCCCA,33,75
CCAGGTGTAGTGGAATCACA,73,75
TGGTACCTGGGAGAATGGAC,43,75
CTGGTACCTGGGAGAATGGA,38,75
AGCTGGTACCTGGGAGAATG,36,75
AAAGCAAGCGCAGCTGGTAC,81,75
ACAGAAAAGCAAGCGCAGCT,84,75
TCTTGTCTAAATAAAATACA,12,75
ATCTCTTGTCTAAATAAAAT,0,75
GCAGCTCAAACTCACCTTTC,80,75
GGAAGGCAGCTCAAACTCAC,69,75
CTAGGGAAGGCAGCTCAAAC,69,75
AGAGCCCACCCAGGGTCTAA,38,75
CAGTGACTGCACAGAGCCCA,70,75
AGAAACAACTAGTGTATTGA,68,75
TCTGGGCTCCTGAGCCGCTG,26,75
GGCTCTGGGCTCCTGAGCCG,16,75
CTGGGGGCTCTGGGCTCCTG,22,75
TTCTGGGGGCTCTGGGCTCC,25,75
GTTCTGGGGGCTCTGGGCTC,27,75
TGCAGTTCTGGGGGCTCTGG,43,75
ATGCTGCAGTTCTGGGGGCT,17,75
ATGGCATCAGAAAGTTCCCA,59,75
AGGAATATTCCATGGCATCA,50,75
TCCCACAGGAATATTCCATG,63,75
GATATGCATGCAACAAGAAT,0,75
GGAGCAAGCTTGTAGGGCAG,16,75
CTCTGAGCTTAAGAGGAAAA,22,75
AGGCAGGAAGGTGTGGTTCT,42,75
GAAGGGAGACAAGGCTCAGG,38,75
GATTTGGAGACAAAGCAGAG,43,75
AGGATTTGGAGACAAAGCAG,41,75
GCAGGATTTGGAGACAAAGC,50,75
TGCAGGATTTGGAGACAAAG,50,75
CCCGCCTGCAGGATTTGGAG,47,75
ACCAGGGACCCGCCTGCAGG,40,75
CCCTCGATGACCAGGGACCC,48,75
ACCCCTCGATGACCAGGGAC,43,75
GTCCTACCCCTCGATGACCA,38,75
CTGCGGAAGAGAAGGCAGGC,31,75
GTTCCTCCTTCATGGTCTGC,93,100
TCTTGGCCTCACCTAGGGCT,82,100
TGCCCAGCCTTCAGGGTGAA,61,100
GAAGCTGCTGCGGCTCTCAG,75,100
CAACCACAGTCACTGAGCGC,76,100
CAGCCCTGCGTTCTCCGTTT,81,100
GAGTGAGAGGAAGCACGGCC,51,100
CTGTAGATGTTCTTCTGGAA,63,100
CTGCGTTCTCCGTTTCCAGC,85,100
AGCAGCCGCCGGCTGGTGTC,56,100
TTGGTGGGAACCGGTAAGTC,60,100
TGTTCCTCTCAGCAGACTGC,86,100
GGTAAGTCAGCAAGGGATCA,75,100
TGGTGGGAACCGGTAAGTCA,59,100
CTCACGCAGCTCCTCACTGT,73,100
GCAGCCCCAGGTGTTCTGTG,60,100
GAGACTGCTCGGAGTCGGAG,55,100
TGGTCTGCAGCCTGTTCTCA,93,100
TGCGGCTCTCAGTGGACTCC,85,100
TGCTGTTCCTCTCAGCAGAC,61,100
GCTTGGTCTCACGCAGCTCC,85,100
TGATGGAGCAGGTCATCTCC,29,100
AGAGCCGTACGCAGGCTGTT,49,100
AAGGCGCAGCCCTGCGTTCT,55,100
GAGTCCTCCAGGTCTCGAAG,60,100
GGTCACCCTCCTTCTTGGTA,75,100
ACAGCGGAGTGGAGCTGGCC,68,100
CTGCCAATTGCCCATGGACT,6,100
CTGCTTCTGGAGCTGGCTGA,17,100
CGCGCTTTCAGCTCCTTAAA,86,100
ATCCTGAAGTTGCTTCTTGG,75,100
GTCTTGCGGGCATCCCCGAG,64,100
GGTGATGCGAAGGCGCAGCC,71,100
TGCTGTGAGAAGCTGCTGCG,77,100
CCACCCTGTGTCTGGGATGA,82,100
TGGGAACCGGTAAGTCAGCA,64,100
GGCCTCGTAGGCGGCCTTGA,54,100
